Date,Gross_Return,Turnover,Transaction_Cost,Slippage_Cost,Net_Return,Equity,Drawdown
2025-01-13 00:00:00+05:30,0.0019792937,0.5000000000,0.0002500000,0.0002500000,0.0014792937,1001479.2937059944,0.0000000000
2025-01-14 00:00:00+05:30,-0.0029272705,0.1262619719,0.0000631310,0.0000631310,-0.0030535325,998421.2441754694,-0.0030535325
2025-01-15 00:00:00+05:30,0.0027115259,0.1263065027,0.0000631533,0.0000631533,0.0025852194,1001002.3821411214,-0.0004762071
2025-01-16 00:00:00+05:30,0.0023875059,0.1977746164,0.0000988873,0.0000988873,0.0021897313,1003194.3083825224,0.0000000000
2025-01-17 00:00:00+05:30,0.0011335728,0.3365842455,0.0001682921,0.0001682921,0.0007969886,1003993.8427714288,0.0000000000
2025-01-20 00:00:00+05:30,-0.0071343535,0.3072267350,0.0001536134,0.0001536134,-0.0074415802,996522.5420365263,-0.0074415802
2025-01-21 00:00:00+05:30,0.0017347715,0.4240704293,0.0002120352,0.0002120352,0.0013107011,997828.6852163414,-0.0061406328
2025-01-22 00:00:00+05:30,0.0035909252,0.0112904098,0.0000056452,0.0000056452,0.0035796348,1001400.5474530030,-0.0025829793
2025-01-23 00:00:00+05:30,-0.0011376964,0.2500000000,0.0001250000,0.0001250000,-0.0013876964,1000010.9075443356,-0.0039670913
2025-01-24 00:00:00+05:30,-0.0052969796,0.3308109973,0.0001654055,0.0001654055,-0.0056277906,994383.0555652902,-0.0095725559
2025-01-27 00:00:00+05:30,0.0020690361,0.2245986954,0.0001122993,0.0001122993,0.0018444374,996217.1328346911,-0.0077457745
2025-01-28 00:00:00+05:30,0.0011875803,0.1016029594,0.0000508015,0.0000508015,0.0010859774,997299.0021073719,-0.0066682089
2025-01-29 00:00:00+05:30,0.0113108229,0.3380289532,0.0001690145,0.0001690145,0.0109727939,1008242.1585115250,0.0000000000
2025-01-30 00:00:00+05:30,0.0171501000,0.6108148330,0.0003054074,0.0003054074,0.0165392851,1024917.7630711731,0.0000000000
2025-01-31 00:00:00+05:30,0.0086211008,0.4522675093,0.0002261338,0.0002261338,0.0081688333,1033290.1454165989,0.0000000000
2025-02-01 00:00:00+05:30,-0.0048409897,0.6181901384,0.0003090951,0.0003090951,-0.0054591798,1027649.2287336708,-0.0054591798
2025-02-03 00:00:00+05:30,0.0046249111,0.1682448679,0.0000841224,0.0000841224,0.0044566662,1032229.1183180343,-0.0010268433
2025-02-04 00:00:00+05:30,-0.0059414058,0.1556691709,0.0000778346,0.0000778346,-0.0060970750,1025935.5399665321,-0.0071176576
2025-02-05 00:00:00+05:30,-0.0065113026,0.4407644512,0.0002203822,0.0002203822,-0.0069520670,1018803.1673417597,-0.0140202422
2025-02-06 00:00:00+05:30,0.0045598946,0.4528424544,0.0002264212,0.0002264212,0.0041070522,1022987.4450954420,-0.0099707719
2025-02-07 00:00:00+05:30,-0.0034562514,0.3071467282,0.0001535734,0.0001535734,-0.0037633982,1019137.5360174483,-0.0136966461
2025-02-10 00:00:00+05:30,-0.0153462449,0.1678946679,0.0000839473,0.0000839473,-0.0155141396,1003326.4940235653,-0.0289982940
2025-02-11 00:00:00+05:30,0.0005951954,0.4280845304,0.0002140423,0.0002140423,0.0001671109,1003494.1608266599,-0.0288360290
2025-02-12 00:00:00+05:30,-0.0013414454,0.3379707106,0.0001689854,0.0001689854,-0.0016794162,1001808.8765182383,-0.0304670175
2025-02-13 00:00:00+05:30,-0.0013272879,0.3408700348,0.0001704350,0.0001704350,-0.0016681579,1000137.7011150810,-0.0320843516
2025-02-14 00:00:00+05:30,-0.0007664229,0.3787980765,0.0001893990,0.0001893990,-0.0011452210,998992.3224638015,-0.0331928289
2025-02-17 00:00:00+05:30,-0.0004110253,0.3929726902,0.0001964863,0.0001964863,-0.0008039979,998189.1346856401,-0.0339701398
2025-02-18 00:00:00+05:30,-0.0001149329,0.1138695515,0.0000569348,0.0000569348,-0.0002288025,997960.7465239766,-0.0341911699
2025-02-19 00:00:00+05:30,-0.0007130480,0.2030576213,0.0001015288,0.0001015288,-0.0009161056,997046.5090817530,-0.0350759528
2025-02-20 00:00:00+05:30,-0.0024306871,0.0172763831,0.0000086382,0.0000086382,-0.0024479635,994605.7756375305,-0.0374380516
2025-02-21 00:00:00+05:30,-0.0107160471,0.5174548341,0.0002587274,0.0002587274,-0.0112335020,983432.8697122011,-0.0482509931
2025-02-24 00:00:00+05:30,-0.0018607363,0.5392030883,0.0002696015,0.0002696015,-0.0023999394,981072.6903947458,-0.0505351331
2025-02-25 00:00:00+05:30,-0.0003705948,0.2982430118,0.0001491215,0.0001491215,-0.0006688378,980416.5118894740,-0.0511701711
2025-02-27 00:00:00+05:30,-0.0053628354,0.0975235381,0.0000487618,0.0000487618,-0.0054603589,975063.0858462844,-0.0563511225
2025-02-28 00:00:00+05:30,-0.0004823158,0.2889288021,0.0001444644,0.0001444644,-0.0007712446,974311.0737246383,-0.0570789066
2025-03-03 00:00:00+05:30,-0.0017609680,0.2077854741,0.0001038927,0.0001038927,-0.0019687535,972392.8953975531,-0.0589352858
2025-03-04 00:00:00+05:30,0.0049580237,0.1916120515,0.0000958060,0.0000958060,0.0047664116,977027.7202211467,-0.0544497840
2025-03-05 00:00:00+05:30,0.0068534556,0.3975334384,0.0001987667,0.0001987667,0.0064559222,983335.3351532954,-0.0483453854
2025-03-06 00:00:00+05:30,0.0031849881,0.4284980426,0.0002142490,0.0002142490,0.0027564901,986045.8892204808,-0.0457221589
2025-03-07 00:00:00+05:30,-0.0009804456,0.1504487936,0.0000752244,0.0000752244,-0.0011308944,984930.7754741072,-0.0468013463
2025-03-10 00:00:00+05:30,0.0033638819,0.4197800417,0.0002098900,0.0002098900,0.0029441018,987830.5119555028,-0.0439950324
2025-03-11 00:00:00+05:30,0.0020459604,0.2922949837,0.0001461475,0.0001461475,0.0017536654,989562.8361210793,-0.0423185196
2025-03-12 00:00:00+05:30,-0.0038762809,0.3073837676,0.0001536919,0.0001536919,-0.0041836647,985422.8370361922,-0.0463251378
2025-03-13 00:00:00+05:30,0.0047782438,0.1597861990,0.0000798931,0.0000798931,0.0046184576,989973.9706736014,-0.0419206308
2025-03-17 00:00:00+05:30,0.0002106172,0.1620830991,0.0000810415,0.0000810415,0.0000485341,990022.0181249933,-0.0418741314
2025-03-18 00:00:00+05:30,0.0175640613,0.0274929676,0.0000137465,0.0000137465,0.0175365683,1007383.6068978917,-0.0250718916
2025-03-19 00:00:00+05:30,0.0049279958,0.8330744150,0.0004165372,0.0004165372,0.0040949213,1011508.7635331267,-0.0210796377
2025-03-20 00:00:00+05:30,0.0122924908,0.0299736003,0.0000149868,0.0000149868,0.0122625172,1023912.4071538126,-0.0090756099
2025-03-21 00:00:00+05:30,0.0136241240,0.2133736266,0.0001066868,0.0001066868,0.0134107503,1037643.8408171014,0.0000000000
2025-03-24 00:00:00+05:30,0.0002249462,0.2374835941,0.0001187418,0.0001187418,-0.0000125374,1037630.8314453085,-0.0000125374
2025-03-25 00:00:00+05:30,-0.0052312039,0.1905053122,0.0000952527,0.0000952527,-0.0054217092,1032005.0988484529,-0.0054341786
2025-03-26 00:00:00+05:30,0.0082653212,0.2354094695,0.0001177047,0.0001177047,0.0080299117,1040292.0087129456,0.0000000000
2025-03-27 00:00:00+05:30,-0.0033937234,0.2307522978,0.0001153761,0.0001153761,-0.0036244757,1036521.4956542623,-0.0036244757
2025-03-28 00:00:00+05:30,-0.0119924652,0.2054480054,0.0001027240,0.0001027240,-0.0121979132,1023878.0964223557,-0.0157781778
2025-04-01 00:00:00+05:30,0.0112500057,0.6339236663,0.0003169618,0.0003169618,0.0106160820,1034747.6702652120,-0.0053295982
2025-04-02 00:00:00+05:30,-0.0066968976,0.2235704165,0.0001117852,0.0001117852,-0.0069204680,1027586.7320870839,-0.0122131830
2025-04-03 00:00:00+05:30,-0.0088420270,0.5600758526,0.0002800379,0.0002800379,-0.0094021028,1017925.2559776338,-0.0215004562
2025-04-04 00:00:00+05:30,-0.0163650629,0.7921031994,0.0003960516,0.0003960516,-0.0171571661,1000460.5433279017,-0.0382887353
2025-04-07 00:00:00+05:30,0.0144675544,0.5888947863,0.0002944474,0.0002944474,0.0138786597,1014345.5947124711,-0.0249414720
2025-04-08 00:00:00+05:30,0.0081878040,0.0264345828,0.0000132173,0.0000132173,0.0081613695,1022624.0438674435,-0.0169836591
2025-04-09 00:00:00+05:30,0.0037672566,0.1619083612,0.0000809542,0.0000809542,0.0036053482,1026310.9596417962,-0.0134395429
2025-04-11 00:00:00+05:30,0.0070770763,0.1596244686,0.0000798122,0.0000798122,0.0069174518,1033410.4162811127,-0.0066150584
2025-04-15 00:00:00+05:30,0.0080858085,0.2500000000,0.0001250000,0.0001250000,0.0078358085,1041508.0223831672,0.0000000000
2025-04-16 00:00:00+05:30,0.0037687344,0.1902374831,0.0000951187,0.0000951187,0.0035784969,1045235.0556482811,0.0000000000
2025-04-17 00:00:00+05:30,-0.0047166099,0.1988216373,0.0000994108,0.0000994108,-0.0049154315,1040097.2743300021,-0.0049154315
2025-04-21 00:00:00+05:30,0.0061614566,0.3884218847,0.0001942109,0.0001942109,0.0057730347,1046101.7919654462,0.0000000000
2025-04-22 00:00:00+05:30,0.0042822826,0.0472970967,0.0000236485,0.0000236485,0.0042349855,1050532.0179168948,0.0000000000
2025-04-23 00:00:00+05:30,-0.0052537522,0.1964783326,0.0000982392,0.0000982392,-0.0054502305,1044806.3762542442,-0.0054502305
2025-04-24 00:00:00+05:30,-0.0254512759,0.2443280104,0.0001221640,0.0001221640,-0.0256956039,1017959.4454222277,-0.0310057875
2025-04-25 00:00:00+05:30,0.0048329750,0.7497365285,0.0003748683,0.0003748683,0.0040832385,1022116.0166068121,-0.0270491530
2025-04-28 00:00:00+05:30,-0.0060114557,0.2074739033,0.0001037370,0.0001037370,-0.0062189296,1015759.5490780877,-0.0330998658
2025-04-29 00:00:00+05:30,0.0073562901,0.3859628289,0.0001929814,0.0001929814,0.0069703273,1022839.7255775705,-0.0263602554
2025-04-30 00:00:00+05:30,-0.0033211106,0.0354313027,0.0000177157,0.0000177157,-0.0033565419,1019406.5211957719,-0.0296283180
2025-05-02 00:00:00+05:30,0.0080474217,0.3736578080,0.0001868289,0.0001868289,0.0076737639,1027229.2061747833,-0.0221819148
2025-05-05 00:00:00+05:30,-0.0034166406,0.3759820908,0.0001879910,0.0001879910,-0.0037926227,1023333.3133288544,-0.0258904099
2025-05-06 00:00:00+05:30,-0.0041924843,0.5409443886,0.0002704722,0.0002704722,-0.0047334287,1018489.4380736062,-0.0305012882
2025-05-07 00:00:00+05:30,-0.0062806213,0.0456316369,0.0000228158,0.0000228158,-0.0063262530,1012046.2162424948,-0.0366345823
2025-05-08 00:00:00+05:30,-0.0055068736,0.3339133142,0.0001669567,0.0001669567,-0.0058407869,1006135.0699943620,-0.0422613944
2025-05-09 00:00:00+05:30,0.0242672321,0.1853626598,0.0000926813,0.0000926813,0.0240818694,1030364.6833416393,-0.0191972584
2025-05-12 00:00:00+05:30,-0.0052388137,0.5193516333,0.0002596758,0.0002596758,-0.0057581654,1024431.6731132320,-0.0248448827
2025-05-13 00:00:00+05:30,0.0021485207,0.5197710880,0.0002598855,0.0002598855,0.0016287496,1026100.2157751804,-0.0232565993
2025-05-14 00:00:00+05:30,0.0081465925,0.2920601206,0.0001460301,0.0001460301,0.0078545324,1034159.7531213030,-0.0155847366
2025-05-15 00:00:00+05:30,0.0020048139,0.3833663768,0.0001916832,0.0001916832,0.0016214475,1035836.5888864305,-0.0139885589
2025-05-16 00:00:00+05:30,-0.0044617953,0.2187100139,0.0001093550,0.0001093550,-0.0046805054,1030988.3501891219,-0.0186035907
2025-05-19 00:00:00+05:30,-0.0115596996,0.2165853457,0.0001082927,0.0001082927,-0.0117762849,1018847.1376023996,-0.0301607945
2025-05-20 00:00:00+05:30,0.0041095050,0.5350639081,0.0002675320,0.0002675320,0.0035744411,1022488.9466578761,-0.0266941614
2025-05-21 00:00:00+05:30,-0.0102174823,0.3902414365,0.0001951207,0.0001951207,-0.0106077237,1011642.6663975336,-0.0370187209
2025-05-22 00:00:00+05:30,0.0125934213,0.5220128008,0.0002610064,0.0002610064,0.0120714085,1023854.6183112239,-0.0253941804
2025-05-23 00:00:00+05:30,0.0081738906,0.5243981695,0.0002621991,0.0002621991,0.0076494925,1031686.5865125614,-0.0179389405
2025-05-26 00:00:00+05:30,-0.0052611315,0.5991313200,0.0002995657,0.0002995657,-0.0058602628,1025640.6319412043,-0.0236940765
2025-05-27 00:00:00+05:30,-0.0073188609,0.2155469318,0.0001077735,0.0001077735,-0.0075344079,1017913.0371082976,-0.0310499635
2025-05-28 00:00:00+05:30,0.0021431239,0.6883773989,0.0003441887,0.0003441887,0.0014547465,1019393.8425260746,-0.0296403868
2025-05-29 00:00:00+05:30,0.0017230956,0.1836693276,0.0000918347,0.0000918347,0.0015394263,1020963.1242136278,-0.0281465897
2025-05-30 00:00:00+05:30,-0.0017706599,0.1605740828,0.0000802870,0.0000802870,-0.0019312340,1018991.4055075349,-0.0300234661
2025-06-02 00:00:00+05:30,-0.0051276986,0.3128667087,0.0001564334,0.0001564334,-0.0054405653,1013447.5162457457,-0.0353006867
2025-06-03 00:00:00+05:30,-0.0006042501,0.2971987269,0.0001485994,0.0001485994,-0.0009014489,1012533.9451309084,-0.0361703138
2025-06-04 00:00:00+05:30,-0.0017568171,0.4339247273,0.0002169624,0.0002169624,-0.0021907418,1010315.7446854555,-0.0382818158
2025-06-05 00:00:00+05:30,0.0077339859,0.4386776069,0.0002193388,0.0002193388,0.0072953083,1017686.3095619475,-0.0312657851
2025-06-06 00:00:00+05:30,0.0084391437,0.4720918949,0.0002360459,0.0002360459,0.0079670518,1025794.2691427079,-0.0235478294
2025-06-09 00:00:00+05:30,-0.0042188211,0.6711365661,0.0003355683,0.0003355683,-0.0048899577,1020778.1785848924,-0.0283226392
2025-06-10 00:00:00+05:30,0.0028508233,0.4098362311,0.0002049181,0.0002049181,0.0024409870,1023269.8848836205,-0.0259507874
2025-06-11 00:00:00+05:30,-0.0182849683,0.3676705464,0.0001838353,0.0001838353,-0.0186526389,1004183.2012384883,-0.0441193756
2025-06-12 00:00:00+05:30,-0.0045100781,0.9437452708,0.0004718726,0.0004718726,-0.0054538234,998706.5633829886,-0.0493325797
2025-06-13 00:00:00+05:30,0.0084322249,0.2016550075,0.0001008275,0.0001008275,0.0082305699,1006926.4875729273,-0.0415080451
2025-06-16 00:00:00+05:30,-0.0009839492,0.1689582352,0.0000844791,0.0000844791,-0.0011529075,1005765.5944980035,-0.0426130976
2025-06-17 00:00:00+05:30,0.0003824447,0.1718509207,0.0000859255,0.0000859255,0.0002105938,1005977.4024618295,-0.0424114779
2025-06-18 00:00:00+05:30,-0.0006811926,0.4220076223,0.0002110038,0.0002110038,-0.0011032002,1004867.6079674695,-0.0434678898
2025-06-19 00:00:00+05:30,0.0099583813,0.3249971575,0.0001624986,0.0001624986,0.0096333841,1014547.8836271911,-0.0342532485
2025-06-20 00:00:00+05:30,-0.0055480380,0.0478718950,0.0000239359,0.0000239359,-0.0055959099,1008870.5650806500,-0.0396574803
2025-06-23 00:00:00+05:30,0.0050150180,0.3204081029,0.0001602041,0.0001602041,0.0046946099,1013606.8187813481,-0.0351490469
2025-06-24 00:00:00+05:30,0.0047007335,0.4468351525,0.0002234176,0.0002234176,0.0042538983,1017918.5991531162,-0.0310446690
2025-06-25 00:00:00+05:30,0.0087091196,0.3038129392,0.0001519065,0.0001519065,0.0084053067,1026474.5171595220,-0.0229003023
2025-06-26 00:00:00+05:30,0.0071988766,0.4144275217,0.0002072138,0.0002072138,0.0067844491,1033438.5812453581,-0.0162712191
2025-06-27 00:00:00+05:30,-0.0009117194,0.6123784533,0.0003061892,0.0003061892,-0.0015240979,1031863.5196952907,-0.0177705181
2025-06-30 00:00:00+05:30,0.0018748308,0.4048271537,0.0002024136,0.0002024136,0.0014700036,1033380.3627842341,-0.0163266372
2025-07-01 00:00:00+05:30,-0.0025326804,0.6010179853,0.0003005090,0.0003005090,-0.0031336983,1030142.0604534771,-0.0194091728
2025-07-02 00:00:00+05:30,-0.0012619396,0.6143187135,0.0003071594,0.0003071594,-0.0018762583,1028209.2478865957,-0.0212490145
2025-07-03 00:00:00+05:30,0.0001467909,0.5496481094,0.0002748241,0.0002748241,-0.0004028572,1027795.0264146221,-0.0216433113
2025-07-04 00:00:00+05:30,0.0051000412,0.5381235376,0.0002690618,0.0002690618,0.0045619176,1032483.7426576602,-0.0171801287
2025-07-07 00:00:00+05:30,-0.0032828307,0.6977719760,0.0003488860,0.0003488860,-0.0039806027,1028373.8350692139,-0.0210923441
2025-07-08 00:00:00+05:30,-0.0014324941,0.4546027343,0.0002273014,0.0002273014,-0.0018870968,1026433.1940703158,-0.0229396377
2025-07-09 00:00:00+05:30,-0.0051344691,0.3044708469,0.0001522354,0.0001522354,-0.0054389399,1020850.4856014374,-0.0282538103
2025-07-10 00:00:00+05:30,-0.0063973878,0.4551517628,0.0002275759,0.0002275759,-0.0068525396,1013855.0672529915,-0.0349127395
2025-07-11 00:00:00+05:30,0.0002218924,0.4758209736,0.0002379105,0.0002379105,-0.0002539286,1013597.6204527300,-0.0351578027
2025-07-14 00:00:00+05:30,0.0033282131,0.4335413634,0.0002167707,0.0002167707,0.0028946717,1016531.6528181792,-0.0323649013
2025-07-15 00:00:00+05:30,-0.0011248851,0.2906330108,0.0001453165,0.0001453165,-0.0014155181,1015092.7338666518,-0.0337346063
2025-07-16 00:00:00+05:30,-0.0016646909,0.3074334797,0.0001537167,0.0001537167,-0.0019721244,1013090.8447681845,-0.0356402018
2025-07-17 00:00:00+05:30,-0.0024893663,0.1671160723,0.0000835580,0.0000835580,-0.0026564824,1010399.5867481533,-0.0382020067
2025-07-18 00:00:00+05:30,0.0010685146,0.1764370900,0.0000882185,0.0000882185,0.0008920775,1011300.9415289168,-0.0373440083
2025-07-21 00:00:00+05:30,-0.0054579012,0.2881540805,0.0001440770,0.0001440770,-0.0057460553,1005489.9504239488,-0.0428754828
2025-07-22 00:00:00+05:30,0.0014723327,0.4415622726,0.0002207811,0.0002207811,0.0010307704,1006526.3797108897,-0.0418889072
2025-07-23 00:00:00+05:30,-0.0064607035,0.1476741992,0.0000738371,0.0000738371,-0.0066083777,999874.8732467560,-0.0482204672
2025-07-24 00:00:00+05:30,-0.0045485483,0.4443255299,0.0002221628,0.0002221628,-0.0049928738,994882.6241650595,-0.0529725823
2025-07-25 00:00:00+05:30,-0.0025775425,0.4512847816,0.0002256424,0.0002256424,-0.0030288273,991869.2964916339,-0.0558409648
2025-07-28 00:00:00+05:30,0.0021892918,0.2980467114,0.0001490234,0.0001490234,0.0018912451,993745.1644294801,-0.0540553287
2025-07-29 00:00:00+05:30,0.0001307614,0.1991966199,0.0000995983,0.0000995983,-0.0000684353,993677.1572247188,-0.0541200646
2025-07-30 00:00:00+05:30,-0.0008383326,0.2206373020,0.0001103187,0.0001103187,-0.0010589699,992624.8830578963,-0.0551217230
2025-07-31 00:00:00+05:30,-0.0044507148,0.1826018954,0.0000913009,0.0000913009,-0.0046333166,988025.7376618227,-0.0594996432
2025-08-01 00:00:00+05:30,0.0045895273,0.1989951385,0.0000994976,0.0000994976,0.0043905322,992363.6964590143,-0.0553703461
2025-08-04 00:00:00+05:30,-0.0012250867,0.2194442557,0.0001097221,0.0001097221,-0.0014445310,990930.1963346918,-0.0567348930
2025-08-05 00:00:00+05:30,-0.0014881513,0.3389846767,0.0001694923,0.0001694923,-0.0018271360,989119.6321283834,-0.0584583666
2025-08-06 00:00:00+05:30,0.0014153126,0.2500000000,0.0001250000,0.0001250000,0.0011653126,990272.2656791984,-0.0573611763
2025-08-07 00:00:00+05:30,-0.0008283703,0.4297848456,0.0002148924,0.0002148924,-0.0012581551,989026.3495733429,-0.0585471621
2025-08-08 00:00:00+05:30,0.0036357386,0.5148661863,0.0002574331,0.0002574331,0.0031208724,992112.9746105284,-0.0556090079
2025-08-11 00:00:00+05:30,0.0019923786,0.3366972628,0.0001683486,0.0001683486,0.0016556813,993755.5975211834,-0.0540453974
2025-08-12 00:00:00+05:30,0.0007665118,0.2957159208,0.0001478580,0.0001478580,0.0004707959,994223.4535597982,-0.0536000459
2025-08-13 00:00:00+05:30,-0.0003293646,0.1493927279,0.0000746964,0.0000746964,-0.0004787573,993747.4617981961,-0.0540531418
2025-08-14 00:00:00+05:30,0.0115490111,0.1611138240,0.0000805569,0.0000805569,0.0113878973,1005064.1558136184,-0.0432807961
2025-08-18 00:00:00+05:30,-0.0000223157,0.4703919769,0.0002351960,0.0002351960,-0.0004927077,1004568.9529463492,-0.0437521791
2025-08-19 00:00:00+05:30,-0.0014491083,0.2087319721,0.0001043660,0.0001043660,-0.0016578403,1002903.5380932374,-0.0453374852
2025-08-20 00:00:00+05:30,0.0014601423,0.4041708193,0.0002020854,0.0002020854,0.0010559715,1003962.5756456674,-0.0443293888
2025-08-21 00:00:00+05:30,-0.0069051386,0.1351917121,0.0000675959,0.0000675959,-0.0070403303,996894.3474980821,-0.0510576256
2025-08-22 00:00:00+05:30,0.0026486180,0.1507005865,0.0000753503,0.0000753503,0.0024979174,999384.5072015885,-0.0486872459
2025-08-25 00:00:00+05:30,-0.0061826452,0.1802644382,0.0000901322,0.0000901322,-0.0063629096,993025.5139181927,-0.0547403630
2025-08-26 00:00:00+05:30,-0.0066267495,0.1608101327,0.0000804051,0.0000804051,-0.0067875596,986285.2940147003,-0.0611563692
2025-08-28 00:00:00+05:30,-0.0000365576,0.4272970149,0.0002136485,0.0002136485,-0.0004638546,985827.8010116982,-0.0615918561
2025-08-29 00:00:00+05:30,0.0047339143,0.2878803094,0.0001439402,0.0001439402,0.0044460340,990210.8249123513,-0.0574196616
2025-09-01 00:00:00+05:30,-0.0005789240,0.1810842793,0.0000905421,0.0000905421,-0.0007600083,989458.2564780690,-0.0581360305
2025-09-02 00:00:00+05:30,0.0059089905,0.0582557193,0.0000291279,0.0000291279,0.0058507348,995247.3142849902,-0.0526254342
2025-09-03 00:00:00+05:30,-0.0025407939,0.3043570182,0.0001521785,0.0001521785,-0.0028451510,992415.6854278926,-0.0553208579
2025-09-04 00:00:00+05:30,-0.0006893299,0.1670890942,0.0000835445,0.0000835445,-0.0008564190,991565.7617423391,-0.0561298991
2025-09-05 00:00:00+05:30,-0.0004163685,0.2985298825,0.0001492649,0.0001492649,-0.0007148984,990856.8929714214,-0.0568046703
2025-09-08 00:00:00+05:30,-0.0007355867,0.1647223733,0.0000823612,0.0000823612,-0.0009003090,989964.8155644167,-0.0576538376
2025-09-09 00:00:00+05:30,-0.0017847240,0.3134228411,0.0001567114,0.0001567114,-0.0020981469,987887.7239912113,-0.0596310182
2025-09-10 00:00:00+05:30,0.0015647417,0.1958159839,0.0000979080,0.0000979080,0.0013689258,989240.0689394764,-0.0583437229
2025-09-11 00:00:00+05:30,0.0007342253,0.0173878064,0.0000086939,0.0000086939,0.0007168374,989949.1932635522,-0.0576687084
2025-09-12 00:00:00+05:30,-0.0015754430,0.3789166190,0.0001894583,0.0001894583,-0.0019543596,988014.4765345861,-0.0595103627
2025-09-15 00:00:00+05:30,0.0091094459,0.1858907957,0.0000929454,0.0000929454,0.0089235551,996831.0781815653,-0.0511178515
2025-09-16 00:00:00+05:30,0.0040967921,0.5712204226,0.0002856102,0.0002856102,0.0035255717,1000345.4775922343,-0.0477724995
2025-09-17 00:00:00+05:30,0.0038111842,0.2247892299,0.0001123946,0.0001123946,0.0035863950,1003933.1116050202,-0.0443574356
2025-09-18 00:00:00+05:30,0.0045736174,0.0245863467,0.0000122932,0.0000122932,0.0045490310,1008500.0344863037,-0.0400101879
2025-09-19 00:00:00+05:30,-0.0005852519,0.2122599686,0.0001061300,0.0001061300,-0.0007975119,1007695.7437177793,-0.0407757912
2025-09-22 00:00:00+05:30,-0.0090142827,0.4512162301,0.0002256081,0.0002256081,-0.0094654990,998157.4006958115,-0.0498553269
2025-09-23 00:00:00+05:30,-0.0042371269,0.6562671615,0.0003281336,0.0003281336,-0.0048933940,993273.0232380524,-0.0545047592
2025-09-24 00:00:00+05:30,-0.0049122508,0.6004168222,0.0003002084,0.0003002084,-0.0055126676,987797.4391986559,-0.0597169602
2025-09-25 00:00:00+05:30,-0.0067018145,0.3302062990,0.0001651031,0.0001651031,-0.0070320208,980851.2270943980,-0.0663290501
2025-09-26 00:00:00+05:30,0.0024720265,0.3214575049,0.0001607288,0.0001607288,0.0021505690,982960.6153484116,-0.0643211263
2025-09-29 00:00:00+05:30,0.0018421270,0.3101511261,0.0001550756,0.0001550756,0.0015319758,984466.4872690382,-0.0628876888
2025-09-30 00:00:00+05:30,0.0059542503,0.2907385001,0.0001453693,0.0001453693,0.0056635118,990042.0248558762,-0.0575803422
2025-10-01 00:00:00+05:30,0.0018385343,0.3169786133,0.0001584893,0.0001584893,0.0015215557,991548.4289063298,-0.0561463982
2025-10-03 00:00:00+05:30,0.0037090625,0.1710659753,0.0000855330,0.0000855330,0.0035379966,995056.5238423221,-0.0528070474
2025-10-06 00:00:00+05:30,0.0031177775,0.1673908669,0.0000836954,0.0000836954,0.0029503866,997992.3253106849,-0.0500124620
2025-10-07 00:00:00+05:30,-0.0070589309,0.2948765837,0.0001474383,0.0001474383,-0.0073538075,990653.2818467127,-0.0569984875
2025-10-08 00:00:00+05:30,0.0033661343,0.4512355056,0.0002256178,0.0002256178,0.0029148988,993540.9359157333,-0.0542497335
2025-10-09 00:00:00+05:30,0.0034485810,0.4431164836,0.0002215582,0.0002215582,0.0030054645,996526.9879381887,-0.0514073146
2025-10-10 00:00:00+05:30,-0.0043309089,0.0089946520,0.0000044973,0.0000044973,-0.0043399036,992202.1568777831,-0.0555241154
2025-10-13 00:00:00+05:30,-0.0020451827,0.5796267848,0.0002898134,0.0002898134,-0.0026248095,989597.8152530655,-0.0580031847
2025-10-14 00:00:00+05:30,0.0049035518,0.1505128617,0.0000752564,0.0000752564,0.0047530389,994301.4122136505,-0.0535258371
2025-10-15 00:00:00+05:30,0.0079418685,0.2981101410,0.0001490551,0.0001490551,0.0076437583,1001901.6119132939,-0.0462912174
2025-10-16 00:00:00+05:30,0.0062760724,0.1565702412,0.0000782851,0.0000782851,0.0061195022,1008032.7509829835,-0.0404549944
2025-10-17 00:00:00+05:30,0.0044410623,0.1728037367,0.0000864019,0.0000864019,0.0042682585,1012335.2953810894,-0.0363594083
2025-10-20 00:00:00+05:30,0.0000023415,0.2874465204,0.0001437233,0.0001437233,-0.0002851050,1012046.6735536980,-0.0366341470
2025-10-21 00:00:00+05:30,-0.0020851276,0.2795892343,0.0001397946,0.0001397946,-0.0023647168,1009653.4697715901,-0.0389122344
2025-10-23 00:00:00+05:30,-0.0058837504,1.0878077941,0.0005439039,0.0005439039,-0.0069715582,1002614.6118090416,-0.0456125137
2025-10-24 00:00:00+05:30,0.0085999893,0.5965859678,0.0002982930,0.0002982930,0.0080034034,1010638.9409812049,-0.0379741657
2025-10-27 00:00:00+05:30,-0.0086939022,0.4046677849,0.0002023339,0.0002023339,-0.0090985700,1001443.5718023891,-0.0467272251
2025-10-28 00:00:00+05:30,0.0015046572,0.7940499943,0.0003970250,0.0003970250,0.0007106072,1002155.2048575620,-0.0460498226
2025-10-29 00:00:00+05:30,-0.0026419834,0.6187941206,0.0003093971,0.0003093971,-0.0032607775,998887.3996955992,-0.0491604419
2025-10-30 00:00:00+05:30,-0.0021104562,0.3858842703,0.0001929421,0.0001929421,-0.0024963404,996393.8366929869,-0.0515340611
2025-10-31 00:00:00+05:30,0.0000439896,0.2947468253,0.0001473734,0.0001473734,-0.0002507572,996143.9837778801,-0.0517718958
2025-11-03 00:00:00+05:30,-0.0094623803,0.4739033503,0.0002369517,0.0002369517,-0.0099362837,986246.0145741405,-0.0611937592
2025-11-04 00:00:00+05:30,-0.0085721181,0.4555887053,0.0002277944,0.0002277944,-0.0090277068,977342.4747057272,-0.0696690267
2025-11-06 00:00:00+05:30,-0.0029705018,0.4479443253,0.0002239722,0.0002239722,-0.0034184461,974001.4821150197,-0.0728493130
2025-11-07 00:00:00+05:30,0.0059836347,0.4327379532,0.0002163690,0.0002163690,0.0055508968,979408.0638166571,-0.0677027952
2025-11-10 00:00:00+05:30,0.0020326315,0.2977122401,0.0001488561,0.0001488561,0.0017349193,981107.2577731099,-0.0660853348
2025-11-11 00:00:00+05:30,0.0031228226,0.1565820205,0.0000782910,0.0000782910,0.0029662406,984017.4579269727,-0.0633151192
2025-11-12 00:00:00+05:30,-0.0003646691,0.1465072456,0.0000732536,0.0000732536,-0.0005111764,983514.4514507855,-0.0637939304
2025-11-13 00:00:00+05:30,0.0056586194,0.1609677649,0.0000804839,0.0000804839,0.0054976516,988921.4712957552,-0.0586469956
2025-11-14 00:00:00+05:30,0.0045609616,0.1678612705,0.0000839306,0.0000839306,0.0043931003,993265.9025251637,-0.0545115374
2025-11-17 00:00:00+05:30,-0.0011994351,0.3395825455,0.0001697913,0.0001697913,-0.0015390176,991737.2488014441,-0.0559666608
2025-11-18 00:00:00+05:30,0.0040605091,0.0349913309,0.0000174957,0.0000174957,0.0040255178,995729.5047511344,-0.0521664378
2025-11-19 00:00:00+05:30,0.0029857660,0.0351300538,0.0000175650,0.0000175650,0.0029506359,998667.5399991309,-0.0493697260
2025-11-20 00:00:00+05:30,-0.0032956618,0.1559604038,0.0000779802,0.0000779802,-0.0034516222,995220.5169669243,-0.0526509426
2025-11-21 00:00:00+05:30,-0.0020117470,0.1720785198,0.0000860393,0.0000860393,-0.0021838256,993047.1289701676,-0.0547197877
2025-11-24 00:00:00+05:30,-0.0016329646,0.4363496716,0.0002181748,0.0002181748,-0.0020693143,990992.2023428481,-0.0566758695
2025-11-25 00:00:00+05:30,0.0080163414,0.2989736267,0.0001494868,0.0001494868,0.0077173678,998640.0536518617,-0.0493958903
2025-11-26 00:00:00+05:30,-0.0014640784,0.1670584633,0.0000835292,0.0000835292,-0.0016311369,997011.1349989142,-0.0509464557
2025-11-27 00:00:00+05:30,-0.0002976520,0.1721830953,0.0000860915,0.0000860915,-0.0004698351,996542.7041374370,-0.0513923544
2025-11-28 00:00:00+05:30,-0.0019619041,0.1661408489,0.0000830704,0.0000830704,-0.0021280449,994422.0164984767,-0.0534110341
2025-12-01 00:00:00+05:30,-0.0022876683,0.3145720678,0.0001572860,0.0001572860,-0.0026022404,991834.2914001597,-0.0558742861
2025-12-02 00:00:00+05:30,-0.0071446002,0.2915408135,0.0001457704,0.0001457704,-0.0074361410,984458.8717930157,-0.0628949380
2025-12-03 00:00:00+05:30,0.0012813252,0.3419165060,0.0001709583,0.0001709583,0.0009394087,985383.6809748129,-0.0620146134
2025-12-04 00:00:00+05:30,-0.0012680156,0.2873315325,0.0001436658,0.0001436658,-0.0015553471,983851.0673306689,-0.0634735062
2025-12-05 00:00:00+05:30,-0.0078197602,0.2945783713,0.0001472892,0.0001472892,-0.0081143385,975867.7667050730,-0.0710727992
2025-12-08 00:00:00+05:30,-0.0025634526,0.3173142264,0.0001586571,0.0001586571,-0.0028807669,973056.5191871386,-0.0737488219
2025-12-09 00:00:00+05:30,0.0018967331,0.3047146641,0.0001523573,0.0001523573,0.0015920184,974605.6431073569,-0.0722742130
2025-12-10 00:00:00+05:30,0.0037187073,0.4383791513,0.0002191896,0.0002191896,0.0032803281,977802.6694031976,-0.0692309680
2025-12-11 00:00:00+05:30,0.0032338188,0.5315282064,0.0002657641,0.0002657641,0.0027022905,980444.9763161424,-0.0667157596
2025-12-12 00:00:00+05:30,0.0005853626,0.2937763525,0.0001468882,0.0001468882,0.0002915863,980730.8606321582,-0.0664436267
2025-12-15 00:00:00+05:30,-0.0067503133,0.1560148807,0.0000780074,0.0000780074,-0.0069063282,973957.6114328225,-0.0728910735
2025-12-16 00:00:00+05:30,-0.0044229471,0.4407599910,0.0002203800,0.0002203800,-0.0048637071,969220.5669306045,-0.0774002597
2025-12-17 00:00:00+05:30,-0.0012683932,0.7322274322,0.0003661137,0.0003661137,-0.0020006206,967281.5242961296,-0.0792460317
2025-12-18 00:00:00+05:30,0.0037698371,0.4483948028,0.0002241974,0.0002241974,0.0033214423,970494.2941110871,-0.0761878005
2025-12-19 00:00:00+05:30,0.0053962194,0.4352281783,0.0002176141,0.0002176141,0.0049609912,975308.9077504202,-0.0716047763
2025-12-22 00:00:00+05:30,0.0045747199,0.2940668159,0.0001470334,0.0001470334,0.0042806530,979483.8667899311,-0.0676306385
2025-12-23 00:00:00+05:30,-0.0015716945,0.2969096335,0.0001484548,0.0001484548,-0.0018686042,977653.5991534701,-0.0693728678
2025-12-24 00:00:00+05:30,-0.0014836311,0.3079577428,0.0001539789,0.0001539789,-0.0017915889,975902.0458514831,-0.0710401690
2025-12-26 00:00:00+05:30,-0.0019063594,0.1651254520,0.0000825627,0.0000825627,-0.0020714848,973880.4795716343,-0.0729644952
2025-12-29 00:00:00+05:30,0.0005259803,0.1670425004,0.0000835213,0.0000835213,0.0003589378,974230.0420600926,-0.0726317471
2025-12-30 00:00:00+05:30,0.0071216517,0.2984354107,0.0001492177,0.0001492177,0.0068232163,980877.4243850535,-0.0663041129
2025-12-31 00:00:00+05:30,-0.0067185075,0.3091586509,0.0001545793,0.0001545793,-0.0070276661,973984.1453555519,-0.0728658158
2026-01-01 00:00:00+05:30,0.0081240059,0.3277390289,0.0001638695,0.0001638695,0.0077962669,981577.5856801355,-0.0656376303
2026-01-02 00:00:00+05:30,-0.0012513801,0.3853273634,0.0001926637,0.0001926637,-0.0016367075,979971.0302797512,-0.0671669082
2026-01-05 00:00:00+05:30,0.0050470380,0.3803402067,0.0001901701,0.0001901701,0.0046666978,984544.2588859871,-0.0628136581
2026-01-06 00:00:00+05:30,-0.0081097881,0.5107648606,0.0002553824,0.0002553824,-0.0086205530,976056.9429303620,-0.0708927227
2026-01-07 00:00:00+05:30,-0.0139396472,0.6309280293,0.0003154640,0.0003154640,-0.0145705752,961835.2318056910,-0.0844303501
2026-01-08 00:00:00+05:30,-0.0042981248,0.8169510660,0.0004084755,0.0004084755,-0.0051150758,956915.3716595545,-0.0891135583
2026-01-09 00:00:00+05:30,0.0044052785,0.3058473225,0.0001529237,0.0001529237,0.0040994311,960838.1803410919,-0.0853794421
2026-01-12 00:00:00+05:30,0.0002664788,0.4290913553,0.0002145457,0.0002145457,-0.0001626126,960681.9359622943,-0.0855281709
2026-01-13 00:00:00+05:30,-0.0031397773,0.1563671131,0.0000781836,0.0000781836,-0.0032961444,957515.3896050218,-0.0885424021
2026-01-14 00:00:00+05:30,0.0000000000,0.3149779218,0.0001574890,0.0001574890,-0.0003149779,957213.7933975476,-0.0888294911
2026-01-15 00:00:00+05:30,0.0058350621,0.2883366614,0.0001441683,0.0001441683,0.0055467254,962523.1954888719,-0.0837754784
2026-01-16 00:00:00+05:30,-0.0036478581,0.1731488153,0.0000865744,0.0000865744,-0.0038210069,958845.3877236898,-0.0872763787
2026-01-19 00:00:00+05:30,-0.0125600085,0.1733974750,0.0000866987,0.0000866987,-0.0127334059,946636.0201819955,-0.0988984590
2026-01-20 00:00:00+05:30,-0.0026438808,0.5430605333,0.0002715303,0.0002715303,-0.0031869413,943619.1467639933,-0.1017702167
2026-01-21 00:00:00+05:30,0.0035258034,0.2885322691,0.0001442661,0.0001442661,0.0032372711,946673.8977963158,-0.0988624034
2026-01-22 00:00:00+05:30,-0.0047768484,0.2809881234,0.0001404941,0.0001404941,-0.0050578365,941885.7759632036,-0.1034202100
2026-01-23 00:00:00+05:30,-0.0004419693,0.2008286661,0.0001004143,0.0001004143,-0.0006427980,941280.3336704338,-0.1039965297
2026-01-27 00:00:00+05:30,0.0010655143,0.3005416595,0.0001502708,0.0001502708,0.0007649727,942000.3874129707,-0.1033111116
2026-01-28 00:00:00+05:30,-0.0030921342,0.3385556131,0.0001692778,0.0001692778,-0.0034306898,938768.6762607872,-0.1063873730
2026-01-29 00:00:00+05:30,0.0009348034,0.2957639976,0.0001478820,0.0001478820,0.0006390394,939368.5864470166,-0.1058163193
2026-01-30 00:00:00+05:30,-0.0077161491,0.5161368213,0.0002580684,0.0002580684,-0.0082322859,931635.4356515626,-0.1131774951
2026-02-02 00:00:00+05:30,0.0059004565,0.2116227777,0.0001058114,0.0001058114,0.0056888337,936935.3547577758,-0.1081325093
2026-02-03 00:00:00+05:30,0.0016704692,0.3351069750,0.0001675535,0.0001675535,0.0013353622,938186.5028119775,-0.1069415431
2026-02-04 00:00:00+05:30,-0.0006787239,0.1809741470,0.0000904871,0.0000904871,-0.0008596980,937379.9457501431,-0.1077093037
2026-02-05 00:00:00+05:30,0.0023359411,0.3052486662,0.0001526243,0.0001526243,0.0020306924,939283.4761260056,-0.1058973357
2026-02-06 00:00:00+05:30,0.0066230839,0.1829957749,0.0000914979,0.0000914979,0.0064400881,945332.5444959445,-0.1001392358
2026-02-09 00:00:00+05:30,0.0038942815,0.1594287204,0.0000797144,0.0000797144,0.0037348528,948863.2223698262,-0.0967783883
2026-02-10 00:00:00+05:30,0.0023624305,0.1564912412,0.0000782456,0.0000782456,0.0022059392,950956.3569677362,-0.0947859363
2026-02-11 00:00:00+05:30,-0.0040186721,0.1596397324,0.0000798199,0.0000798199,-0.0041783118,946982.9647745439,-0.0985682029
2026-02-12 00:00:00+05:30,-0.0062590213,0.1612566382,0.0000806283,0.0000806283,-0.0064202779,940903.0709567765,-0.1043556456
2026-02-13 00:00:00+05:30,0.0058306485,0.1665843752,0.0000832922,0.0000832922,0.0056640641,946232.4062564984,-0.0992826586
2026-02-16 00:00:00+05:30,0.0038719146,0.1659048950,0.0000829524,0.0000829524,0.0037060097,949739.1527477053,-0.0959445914
2026-02-17 00:00:00+05:30,0.0041503735,0.1596109391,0.0000798055,0.0000798055,0.0039907626,953529.3362130113,-0.0923367209
2026-02-18 00:00:00+05:30,-0.0159563602,0.6840562214,0.0003420281,0.0003420281,-0.0166404164,937662.2110218427,-0.1074406158
2026-02-19 00:00:00+05:30,0.0022443010,0.6735676418,0.0003367838,0.0003367838,0.0015707334,939135.0283429737,-0.1060386430
2026-02-20 00:00:00+05:30,0.0061953185,0.3025299672,0.0001512650,0.0001512650,0.0058927885,944669.1524568335,-0.1007707177
2026-02-23 00:00:00+05:30,-0.0037695899,0.3180210675,0.0001590105,0.0001590105,-0.0040876109,940807.7125020366,-0.1044464172
2026-02-24 00:00:00+05:30,0.0072613851,0.4812141202,0.0002406071,0.0002406071,0.0067801710,947186.5496345296,-0.0983744108
2026-02-25 00:00:00+05:30,0.0039052905,0.3083942022,0.0001541971,0.0001541971,0.0035968963,950593.4814454628,-0.0951313570
2026-02-26 00:00:00+05:30,-0.0107715128,0.7593323229,0.0003796662,0.0003796662,-0.0115308451,939632.3352103318,-0.1055652572
2026-02-27 00:00:00+05:30,-0.0047420960,0.6235193860,0.0003117597,0.0003117597,-0.0053656154,934590.6294966886,-0.1103644501
2026-03-02 00:00:00+05:30,-0.0263967679,0.3046070989,0.0001523035,0.0001523035,-0.0267013750,909635.7746206509,-0.1341189425
2026-03-04 00:00:00+05:30,0.0048763050,1.0210779056,0.0005105390,0.0005105390,0.0038552271,913142.6270698418,-0.1307807744
2026-03-05 00:00:00+05:30,-0.0044586334,0.0985749463,0.0000492875,0.0000492875,-0.0045572084,908981.2458636415,-0.1347419875
2026-03-06 00:00:00+05:30,-0.0045477339,0.2082793837,0.0001041397,0.0001041397,-0.0047560133,904658.1189800288,-0.1388571661
2026-03-09 00:00:00+05:30,0.0035631955,0.1935692207,0.0000967846,0.0000967846,0.0033696263,907706.4787538956,-0.1359554366
2026-03-10 00:00:00+05:30,-0.0042451421,0.1022909212,0.0000511455,0.0000511455,-0.0043474330,903760.2856393134,-0.1397118125
2026-03-11 00:00:00+05:30,-0.0020423555,0.1117241266,0.0000558621,0.0000558621,-0.0021540797,901813.5139894868,-0.1415649418
2026-03-12 00:00:00+05:30,-0.0085796707,0.2170325456,0.0001085163,0.0001085163,-0.0087967033,893880.5281070573,-0.1491163402
2026-03-13 00:00:00+05:30,-0.0026943315,0.1098803566,0.0000549402,0.0000549402,-0.0028042119,891373.8976938243,-0.1515023983
2026-03-16 00:00:00+05:30,-0.0013356031,0.1943074236,0.0000971537,0.0000971537,-0.0015299106,890010.1753462136,-0.1528005238
2026-03-17 00:00:00+05:30,-0.0002861152,0.1968533401,0.0000984267,0.0000984267,-0.0004829685,889580.3284479654,-0.1532096944
2026-03-18 00:00:00+05:30,-0.0107472945,0.0130100977,0.0000065050,0.0000065050,-0.0107603046,880008.1731609085,-0.1623214161
2026-03-19 00:00:00+05:30,0.0049242834,0.2232758057,0.0001116379,0.0001116379,0.0047010076,884145.0982500575,-0.1583834827
2026-03-20 00:00:00+05:30,-0.0097225346,0.1169255510,0.0000584628,0.0000584628,-0.0098394601,875445.5878218871,-0.1666645348
2026-03-23 00:00:00+05:30,0.0045733275,0.2162898797,0.0001081449,0.0001081449,0.0043570376,879259.9371530192,-0.1630336609
2026-03-24 00:00:00+05:30,0.0053915342,0.1931237637,0.0000965619,0.0000965619,0.0051984105,883830.6912064918,-0.1586827663
2026-03-25 00:00:00+05:30,-0.0016117691,0.2027503817,0.0001013752,0.0001013752,-0.0018145195,882226.9631744635,-0.1602093529
2026-03-27 00:00:00+05:30,-0.0061648528,0.3883260644,0.0001941630,0.0001941630,-0.0065531789,876445.5720779175,-0.1657126512
2026-03-30 00:00:00+05:30,-0.0037717349,0.1017811145,0.0000508906,0.0000508906,-0.0038735160,873050.6461594959,-0.1689442765
2026-04-01 00:00:00+05:30,-0.0016411554,0.1116332093,0.0000558166,0.0000558166,-0.0017527886,871520.3729716291,-0.1704009415
2026-04-02 00:00:00+05:30,0.0018877699,0.0118833810,0.0000059417,0.0000059417,0.0018758865,873155.2462757255,-0.1688447078
2026-04-06 00:00:00+05:30,0.0059331018,0.5281044934,0.0002640522,0.0002640522,0.0054049973,877874.6480056697,-0.1643523157
2026-04-07 00:00:00+05:30,0.0028232575,0.1649840120,0.0000824920,0.0000824920,0.0026582734,880208.2788712251,-0.1621309357
2026-04-08 00:00:00+05:30,0.0051246701,0.2995826229,0.0001497913,0.0001497913,0.0048250875,884455.3608535217,-0.1580881441
2026-04-09 00:00:00+05:30,0.0018218271,0.1557250675,0.0000778625,0.0000778625,0.0016661020,885928.9537417330,-0.1566854331
2026-04-10 00:00:00+05:30,-0.0028882595,0.2814757723,0.0001407379,0.0001407379,-0.0031697353,883120.7934585881,-0.1593585170
2026-04-13 00:00:00+05:30,0.0116724487,0.4285114508,0.0002142557,0.0002142557,0.0112439373,893050.5482693329,-0.1499063969
2026-04-15 00:00:00+05:30,-0.0023218431,0.3790836272,0.0001895418,0.0001895418,-0.0027009267,890638.4841668598,-0.1522024375
2026-04-16 00:00:00+05:30,0.0093598059,0.0500935716,0.0000250468,0.0000250468,0.0093097123,898930.0722350375,-0.1443096860
2026-04-17 00:00:00+05:30,0.0021341380,0.2150001318,0.0001075001,0.0001075001,0.0019191379,900655.2429888613,-0.1426674983
2026-04-20 00:00:00+05:30,0.0052513532,0.3682895617,0.0001841448,0.0001841448,0.0048830636,905053.1998309647,-0.1384810892
2026-04-21 00:00:00+05:30,0.0020765965,0.4016258657,0.0002008129,0.0002008129,0.0016749707,906569.1374029921,-0.1370380703
2026-04-22 00:00:00+05:30,0.0044438075,0.2339268762,0.0001169634,0.0001169634,0.0042098807,910385.6852835241,-0.1334051036
2026-04-23 00:00:00+05:30,-0.0064994627,0.4049968992,0.0002024984,0.0002024984,-0.0069044596,904099.9640616624,-0.1393884730
2026-04-24 00:00:00+05:30,0.0102025784,0.5976238711,0.0002988119,0.0002988119,0.0096049545,912783.8031217442,-0.1311223384
2026-04-27 00:00:00+05:30,-0.0038090494,0.2201989900,0.0001100995,0.0001100995,-0.0040292484,909105.9704254231,-0.1346232624
2026-04-28 00:00:00+05:30,0.0054325658,0.0432793918,0.0000216397,0.0000216397,0.0053892865,914005.4029176414,-0.1299594993
2026-04-29 00:00:00+05:30,-0.0096540814,0.3968731665,0.0001984366,0.0001984366,-0.0100509546,904818.7761036720,-0.1387042368
2026-04-30 00:00:00+05:30,0.0014776015,0.5402660766,0.0002701330,0.0002701330,0.0009373354,905666.8947660497,-0.1378969138
2026-05-01 00:00:00+05:30,0.0021065909,0.1790155513,0.0000895078,0.0000895078,0.0019275753,907412.6359399036,-0.1362351452
2026-05-04 00:00:00+05:30,0.0020399913,0.4373454771,0.0002186727,0.0002186727,0.0016026458,908866.8969685221,-0.1348508361
2026-05-05 00:00:00+05:30,0.0067348678,0.0237310307,0.0000118655,0.0000118655,0.0067111368,914966.4270462990,-0.1290447017
2026-05-06 00:00:00+05:30,0.0044747084,0.0509492403,0.0000254746,0.0000254746,0.0044237592,919014.0181813579,-0.1251918052
2026-05-07 00:00:00+05:30,0.0050320077,0.5891543705,0.0002945772,0.0002945772,0.0044428533,923097.0626384615,-0.1213051607
2026-05-08 00:00:00+05:30,0.0034368536,0.2964466035,0.0001482233,0.0001482233,0.0031404070,925995.9631480298,-0.1185457013
2026-05-11 00:00:00+05:30,-0.0112838135,0.2974060325,0.0001487030,0.0001487030,-0.0115812195,915271.8006021729,-0.1287540170
2026-05-12 00:00:00+05:30,0.0059300521,0.3127108999,0.0001563554,0.0001563554,0.0056173412,920413.1946087223,-0.1238599311
2026-05-13 00:00:00+05:30,0.0085738737,0.3278892997,0.0001639446,0.0001639446,0.0082459844,928002.9074739889,-0.1166352937
2026-05-14 00:00:00+05:30,-0.0036466013,0.0248742552,0.0000124371,0.0000124371,-0.0036714756,924595.7674675441,-0.1198785456
2026-05-15 00:00:00+05:30,-0.0030387335,0.1740675059,0.0000870338,0.0000870338,-0.0032128010,921625.2252365839,-0.1227062007
2026-05-18 00:00:00+05:30,0.0007758310,0.0590013466,0.0000295007,0.0000295007,0.0007168297,922285.8735507579,-0.1220773305
2026-05-19 00:00:00+05:30,0.0021128842,0.1833712253,0.0000916856,0.0000916856,0.0019295130,924065.4361500833,-0.1203833673
2026-05-20 00:00:00+05:30,0.0054082801,0.1539873398,0.0000769937,0.0000769937,0.0052542927,928920.7464670145,-0.1157616040
2026-05-21 00:00:00+05:30,-0.0047478142,0.3092210911,0.0001546105,0.0001546105,-0.0050570353,924223.1614597021,-0.1202332288
2026-05-22 00:00:00+05:30,0.0041532956,0.3072877427,0.0001536439,0.0001536439,0.0038460078,927777.7309695965,-0.1168496389
2026-05-25 00:00:00+05:30,-0.0000762199,0.3054206862,0.0001527103,0.0001527103,-0.0003816406,927423.6533555402,-0.1171866849
2026-05-26 00:00:00+05:30,0.0034976336,0.1606358657,0.0000803179,0.0000803179,0.0033369978,930518.4640267842,-0.1142407388
2026-05-27 00:00:00+05:30,0.0000000000,0.3112478927,0.0001556239,0.0001556239,-0.0003112479,930228.8421157179,-0.1145164295
2026-05-28 00:00:00+05:30,-0.0127477449,0.1551180056,0.0000775590,0.0000775590,-0.0129028629,918226.2268949875,-0.1259417026
2026-05-29 00:00:00+05:30,-0.0053462277,0.4569618247,0.0002284809,0.0002284809,-0.0058031895,912897.5861138430,-0.1310140286
2026-06-01 00:00:00+05:30,0.0003640226,0.4682791347,0.0002341396,0.0002341396,-0.0001042565,912802.4105996948,-0.1311046260
2026-06-02 00:00:00+05:30,0.0028561823,0.0291540607,0.0000145770,0.0000145770,0.0028270282,915382.9287476125,-0.1286482343
2026-06-03 00:00:00+05:30,-0.0013199650,0.4266864418,0.0002133432,0.0002133432,-0.0017466515,913784.0738066379,-0.1301701821
2026-06-04 00:00:00+05:30,-0.0012673429,0.3052595674,0.0001526298,0.0001526298,-0.0015726024,912347.0547586266,-0.1315380786
2026-06-05 00:00:00+05:30,-0.0065280873,0.4402532229,0.0002201266,0.0002201266,-0.0069683405,905989.5097836782,-0.1375898170
2026-06-08 00:00:00+05:30,0.0073903380,0.5508346125,0.0002754173,0.0002754173,0.0068395034,912186.0281137034,-0.1316913597
2026-06-09 00:00:00+05:30,0.0027604855,0.3354985049,0.0001677493,0.0001677493,0.0024249870,914398.0674138319,-0.1295857225
2026-06-10 00:00:00+05:30,-0.0043664629,0.3313459078,0.0001656730,0.0001656730,-0.0046978088,910102.4001016462,-0.1336747623
2026-06-11 00:00:00+05:30,0.0085683023,0.3559776903,0.0001779888,0.0001779888,0.0082123246,917576.4564190727,-0.1265602183
2026-06-12 00:00:00+05:30,0.0015143856,0.5234174812,0.0002617087,0.0002617087,0.0009909681,918485.7453991831,-0.1256946673
2026-06-15 00:00:00+05:30,-0.0018916866,0.1699641688,0.0000849821,0.0000849821,-0.0020616508,916592.1485470020,-0.1274971796
2026-06-16 00:00:00+05:30,0.0002679408,0.2903641723,0.0001451821,0.0001451821,-0.0000224234,916571.5954545017,-0.1275167441
2026-06-17 00:00:00+05:30,0.0064386364,0.0162897364,0.0000081449,0.0000081449,0.0064223467,922458.1359763853,-0.1219133541
2026-06-18 00:00:00+05:30,0.0001938777,0.5057133221,0.0002528567,0.0002528567,-0.0003118357,922170.4806326055,-0.1221871729
2026-06-19 00:00:00+05:30,0.0049200749,0.2370022835,0.0001185011,0.0001185011,0.0046830726,926489.0719318872,-0.1180763117
2026-06-22 00:00:00+05:30,-0.0031593571,0.3881856392,0.0001940928,0.0001940928,-0.0035475427,923202.3123911293,-0.1212049736
2026-06-23 00:00:00+05:30,-0.0003393299,0.1766634706,0.0000883317,0.0000883317,-0.0005159933,922725.9461607543,-0.1216584260
2026-06-24 00:00:00+05:30,0.0004519399,0.2831483994,0.0001415742,0.0001415742,0.0001687915,922881.6944738533,-0.1215101694
2026-06-25 00:00:00+05:30,0.0000000000,0.1545225369,0.0000772613,0.0000772613,-0.0001545225,922739.0884532026,-0.1216459159
2026-06-26 00:00:00+05:30,0.0025352406,0.2004063623,0.0001002032,0.0001002032,0.0023348342,924893.5312738762,-0.1195951047
2026-06-29 00:00:00+05:30,-0.0029831246,0.3039634757,0.0001519817,0.0001519817,-0.0032870881,921853.3247779009,-0.1224890731
2026-06-30 00:00:00+05:30,0.0049918810,0.0247749597,0.0000123875,0.0000123875,0.0049671060,926432.2679976940,-0.1181303833
2026-07-01 00:00:00+05:30,0.0045357681,0.1713380185,0.0000856690,0.0000856690,0.0043644300,930475.6168228340,-0.1142815250
2026-07-02 00:00:00+05:30,0.0045800466,0.0186864746,0.0000093432,0.0000093432,0.0045613602,934719.8512395021,-0.1102414441
2026-07-03 00:00:00+05:30,0.0022054740,0.1524318106,0.0000762159,0.0000762159,0.0020530422,936638.8705390667,-0.1084147322
2026-07-06 00:00:00+05:30,-0.0016878120,0.1593386542,0.0000796693,0.0000796693,-0.0018471507,934908.7573910967,-0.1100616245
2026-07-07 00:00:00+05:30,-0.0127288187,0.2646087306,0.0001323044,0.0001323044,-0.0129934274,922761.0882918664,-0.1216249742
2026-07-08 00:00:00+05:30,0.0096271830,0.5576159524,0.0002788080,0.0002788080,0.0090695670,931130.1318067169,-0.1136584931
2026-07-09 00:00:00+05:30,0.0009806421,0.1706268347,0.0000853134,0.0000853134,0.0008100153,931884.3614145764,-0.1129405430
2026-07-10 00:00:00+05:30,-0.0042880532,0.4154255676,0.0002077128,0.0002077128,-0.0047034787,927501.2631310332,-0.1171128083
2026-07-13 00:00:00+05:30,0.0017778515,0.2919223579,0.0001459612,0.0001459612,0.0014859292,928879.4642953920,-0.1158009004
2026-07-14 00:00:00+05:30,0.0007798245,0.2825575329,0.0001412788,0.0001412788,0.0004972669,929341.3653394830,-0.1153612175
2026-07-15 00:00:00+05:30,-0.0012015173,0.2770879220,0.0001385440,0.0001385440,-0.0014786053,927967.2363106170,-0.1166692490
2026-07-16 00:00:00+05:30,-0.0042304058,0.1532084989,0.0000766042,0.0000766042,-0.0043836143,923899.3858305746,-0.1205414304
2026-07-17 00:00:00+05:30,0.0043896159,0.3159322993,0.0001579661,0.0001579661,0.0040736836,927663.0595978125,-0.1169587944
2026-07-20 00:00:00+05:30,-0.0002869746,0.1800585324,0.0000900293,0.0000900293,-0.0004670331,927229.8102074051,-0.1173712039
2026-07-21 00:00:00+05:30,-0.0015611132,0.2947703201,0.0001473852,0.0001473852,-0.0018558836,925508.9796394791,-0.1190092602
2026-07-22 00:00:00+05:30,-0.0024756948,0.1649392056,0.0000824696,0.0000824696,-0.0026406341,923065.0491094296,-0.1213356344
2026-07-23 00:00:00+05:30,-0.0032060826,0.3304499120,0.0001652250,0.0001652250,-0.0035365325,919800.5995540569,-0.1244430595
2026-07-24 00:00:00+05:30,0.0017379427,0.1618067277,0.0000809034,0.0000809034,0.0015761360,921250.3304060550,-0.1230630626
2026-07-27 00:00:00+05:30,-0.0027290908,0.3095597956,0.0001547799,0.0001547799,-0.0030386506,918450.9725657315,-0.1257277675
2026-07-28 00:00:00+05:30,0.0028240089,0.4741710592,0.0002370855,0.0002370855,0.0023498378,920609.1833777453,-0.1236733696
2026-07-29 00:00:00+05:30,0.0026923400,0.2943611656,0.0001471806,0.0001471806,0.0023979788,922816.7846735902,-0.1215719569
2026-07-30 00:00:00+05:30,-0.0019786413,0.1517813883,0.0000758907,0.0000758907,-0.0021304227,920850.7948122674,-0.1234433800
2026-07-31 00:00:00+05:30,0.0082061994,0.3027043903,0.0001513522,0.0001513522,0.0079034950,928128.7344294860,-0.1165155192
2026-08-03 00:00:00+05:30,-0.0025120150,0.6419488329,0.0003209744,0.0003209744,-0.0031539638,925201.4499736237,-0.1193019973
2026-08-04 00:00:00+05:30,-0.0020975576,0.6051008887,0.0003025504,0.0003025504,-0.0027026585,922700.9464444853,-0.1216822232
2026-08-05 00:00:00+05:30,0.0042567854,0.8263724483,0.0004131862,0.0004131862,0.0034304129,925866.1916820662,-0.1186692306
2026-08-06 00:00:00+05:30,-0.0038954883,0.5463326690,0.0002731663,0.0002731663,-0.0044418210,921753.6597974506,-0.1225839441
2026-08-07 00:00:00+05:30,-0.0104056772,0.3166484050,0.0001583242,0.0001583242,-0.0107223256,911870.3168892692,-0.1319918847
2026-08-10 00:00:00+05:30,-0.0064866698,0.3131764797,0.0001565882,0.0001565882,-0.0067998463,905669.7388842567,-0.1378942065
2026-08-11 00:00:00+05:30,-0.0018381799,0.3212907138,0.0001606454,0.0001606454,-0.0021594706,903713.9716954088,-0.1397558986
2026-08-12 00:00:00+05:30,-0.0004248208,0.4560942933,0.0002280471,0.0002280471,-0.0008809150,902917.8764622131,-0.1405137006
2026-08-13 00:00:00+05:30,0.0004338093,0.3135137382,0.0001567569,0.0001567569,0.0001202956,903026.4934989599,-0.1404103082
2026-08-14 00:00:00+05:30,-0.0048155418,0.4501680617,0.0002250840,0.0002250840,-0.0052657099,898271.4179773240,-0.1449366581
2026-08-17 00:00:00+05:30,-0.0054561170,0.3223503301,0.0001611752,0.0001611752,-0.0057784673,893080.7859377932,-0.1498776137
2026-08-18 00:00:00+05:30,0.0000825957,0.0418804191,0.0000209402,0.0000209402,0.0000407153,893117.1479671611,-0.1498430008
2026-08-19 00:00:00+05:30,0.0062457138,0.1702987541,0.0000851494,0.0000851494,0.0060754150,898543.2052813045,-0.1446779442
2026-08-20 00:00:00+05:30,-0.0009801648,0.4487114257,0.0002243557,0.0002243557,-0.0014288762,897259.2982528952,-0.1459000935
2026-08-21 00:00:00+05:30,0.0003115135,0.1767582690,0.0000883791,0.0000883791,0.0001347552,897380.2085928605,-0.1457849991
2026-08-24 00:00:00+05:30,-0.0005297089,0.4876764809,0.0002438382,0.0002438382,-0.0010173854,896467.2271043016,-0.1466540650
2026-08-25 00:00:00+05:30,-0.0028814225,0.6051671642,0.0003025836,0.0003025836,-0.0034865897,893341.6137433111,-0.1496293321
2026-08-26 00:00:00+05:30,0.0009553696,0.4800537926,0.0002400269,0.0002400269,0.0004753158,893766.2331083006,-0.1492251375
2026-08-27 00:00:00+05:30,0.0015058810,0.2168486383,0.0001084243,0.0001084243,0.0012890324,894918.3266972376,-0.1481284612
2026-08-28 00:00:00+05:30,0.0051861328,0.2970328836,0.0001485164,0.0001485164,0.0048890999,899293.6718128509,-0.1439635761
2026-08-31 00:00:00+05:30,-0.0048456662,0.3895373620,0.0001947687,0.0001947687,-0.0052352035,894585.6864132588,-0.1484451010
