Month,Return
2025-01-31 00:00:00+05:30,0.05098916491146688
2025-02-28 00:00:00+05:30,-0.0841347209956197
2025-03-31 00:00:00+05:30,0.06918173757800528
2025-04-30 00:00:00+05:30,0.0009894591061752056
2025-05-31 00:00:00+05:30,0.015467866330786784
2025-06-30 00:00:00+05:30,0.024234254258017396
2025-07-31 00:00:00+05:30,-0.061469244495762076
2025-08-31 00:00:00+05:30,0.008571203698262142
2025-09-30 00:00:00+05:30,-0.0025681858821101633
2025-10-31 00:00:00+05:30,0.012003439985336817
2025-11-30 00:00:00+05:30,-0.0023930533226140804
2025-12-31 00:00:00+05:30,-0.021958499982129065
2026-01-31 00:00:00+05:30,-0.05608555089116918
2026-02-28 00:00:00+05:30,0.014160976279385062
2026-03-31 00:00:00+05:30,-0.11200146602737615
2026-04-30 00:00:00+05:30,0.04636011302291476
2026-05-31 00:00:00+05:30,0.010514196385415397
2026-06-30 00:00:00+05:30,0.029926627480334478
2026-07-31 00:00:00+05:30,0.0023361729299122835
2026-08-31 00:00:00+05:30,-0.04954639504125247
